Title,Image,IMDB Link,Torrent,Genre,Rating,File_size,Resolution,Run_time,Language,Frame-rate,img_one,img_two,img_three,movie_link
Hell on Frisco Bay,https://img.yts.lt/assets/images/movies/hell_on_frisco_bay_1955/medium-cover.jpg,https://www.imdb.com/title/tt0048158/,https://yts.tl//torrent/download/199837C6DBDEBD7D82AEB299371E22A1370B11E2,Crime / Drama / Film-Noir / Thriller,  NR  , 782.12 MB  ,  1280*502  ,  1hr 39 min  ,  English  ,  23.976 fps  ,https://img.yts.lt/assets/images/movies/hell_on_frisco_bay_1955/medium-screenshot1.jpg,https://img.yts.lt/assets/images/movies/hell_on_frisco_bay_1955/medium-screenshot2.jpg,https://img.yts.lt/assets/images/movies/hell_on_frisco_bay_1955/medium-screenshot3.jpg,https://yts.tl//movie/hell-on-frisco-bay-1955#720p
Take Me Out,https://img.yts.lt/assets/images/movies/take_me_out_2018/medium-cover.jpg,https://www.imdb.com/title/tt5575364/,https://yts.tl//torrent/download/C6C4205731ED7E03C3DBF273B1AA6635AF5ECE9A,Drama / Family / Sport,  NR  , 782.12 MB  ,  1280*502  ,  1hr 39 min  ,  English  ,  23.976 fps  ,https://img.yts.lt/assets/images/movies/hell_on_frisco_bay_1955/medium-screenshot1.jpg,https://img.yts.lt/assets/images/movies/hell_on_frisco_bay_1955/medium-screenshot2.jpg,https://img.yts.lt/assets/images/movies/hell_on_frisco_bay_1955/medium-screenshot3.jpg,https://yts.tl//movie/take-me-out-2018#720p
Fan,https://img.yts.lt/assets/images/movies/fan_2016/medium-cover.jpg,https://www.imdb.com/title/tt3495026/,https://yts.tl//torrent/download/C8E479A776FD2BB1715FAD9FA54849D4CD580386,Action / Drama / Thriller,  NR  , 782.12 MB  ,  1280*502  ,  1hr 39 min  ,  English  ,  23.976 fps  ,https://img.yts.lt/assets/images/movies/hell_on_frisco_bay_1955/medium-screenshot1.jpg,https://img.yts.lt/assets/images/movies/hell_on_frisco_bay_1955/medium-screenshot2.jpg,https://img.yts.lt/assets/images/movies/hell_on_frisco_bay_1955/medium-screenshot3.jpg,https://yts.tl//movie/fan-2016#720p
Fan,https://img.yts.lt/assets/images/movies/fan_2016/medium-cover.jpg,https://www.imdb.com/title/tt3495026/,https://yts.tl//torrent/download/4D068D58710D223339274F7EF4D38A269D3CCD90,Action / Drama / Thriller,  NR  , 782.12 MB  ,  1280*502  ,  1hr 39 min  ,  English  ,  23.976 fps  ,https://img.yts.lt/assets/images/movies/hell_on_frisco_bay_1955/medium-screenshot1.jpg,https://img.yts.lt/assets/images/movies/hell_on_frisco_bay_1955/medium-screenshot2.jpg,https://img.yts.lt/assets/images/movies/hell_on_frisco_bay_1955/medium-screenshot3.jpg,https://yts.tl//movie/fan-2016#1080p
Seaside,https://img.yts.lt/assets/images/movies/seaside_2018/medium-cover.jpg,https://www.imdb.com/title/tt5776928/,https://yts.tl//torrent/download/15BF1E81A64DB57E01E6098AC5EA2BB6D0E3B2F0,Drama / Thriller,  NR  , 782.12 MB  ,  1280*502  ,  1hr 39 min  ,  English  ,  23.976 fps  ,https://img.yts.lt/assets/images/movies/hell_on_frisco_bay_1955/medium-screenshot1.jpg,https://img.yts.lt/assets/images/movies/hell_on_frisco_bay_1955/medium-screenshot2.jpg,https://img.yts.lt/assets/images/movies/hell_on_frisco_bay_1955/medium-screenshot3.jpg,https://yts.tl//movie/seaside-2018#720p
Seaside,https://img.yts.lt/assets/images/movies/seaside_2018/medium-cover.jpg,https://www.imdb.com/title/tt5776928/,https://yts.tl//torrent/download/4645398CA6E60C23E2D5BDCBD583368087A9B4B5,Drama / Thriller,  NR  , 782.12 MB  ,  1280*502  ,  1hr 39 min  ,  English  ,  23.976 fps  ,https://img.yts.lt/assets/images/movies/hell_on_frisco_bay_1955/medium-screenshot1.jpg,https://img.yts.lt/assets/images/movies/hell_on_frisco_bay_1955/medium-screenshot2.jpg,https://img.yts.lt/assets/images/movies/hell_on_frisco_bay_1955/medium-screenshot3.jpg,https://yts.tl//movie/seaside-2018#1080p
Oh... Rosalinda!!,https://img.yts.lt/assets/images/movies/oh_rosalinda_1955/medium-cover.jpg,https://www.imdb.com/title/tt0048441/,https://yts.tl//torrent/download/17A0F563DE85C6A7B182B0247B1F647BB0798227,Musical,  NR  , 782.12 MB  ,  1280*502  ,  1hr 39 min  ,  English  ,  23.976 fps  ,https://img.yts.lt/assets/images/movies/hell_on_frisco_bay_1955/medium-screenshot1.jpg,https://img.yts.lt/assets/images/movies/hell_on_frisco_bay_1955/medium-screenshot2.jpg,https://img.yts.lt/assets/images/movies/hell_on_frisco_bay_1955/medium-screenshot3.jpg,https://yts.tl//movie/oh-rosalinda-1955#720p
Oh... Rosalinda!!,https://img.yts.lt/assets/images/movies/oh_rosalinda_1955/medium-cover.jpg,https://www.imdb.com/title/tt0048441/,https://yts.tl//torrent/download/2DD6FB5A49BA1D3E0548D1E2BD4DA66956F21C19,Musical,  NR  , 782.12 MB  ,  1280*502  ,  1hr 39 min  ,  English  ,  23.976 fps  ,https://img.yts.lt/assets/images/movies/hell_on_frisco_bay_1955/medium-screenshot1.jpg,https://img.yts.lt/assets/images/movies/hell_on_frisco_bay_1955/medium-screenshot2.jpg,https://img.yts.lt/assets/images/movies/hell_on_frisco_bay_1955/medium-screenshot3.jpg,https://yts.tl//movie/oh-rosalinda-1955#1080p
All About Lily Chou-Chou,https://img.yts.lt/assets/images/movies/all_about_lily_chou_chou_2001/medium-cover.jpg,https://www.imdb.com/title/tt0297721/,https://yts.tl//torrent/download/2733434CC8BF2CFDC3F86C6D89C3B19FDDAF5556,Crime / Drama / Music / Romance / Thriller,  NR  , 782.12 MB  ,  1280*502  ,  1hr 39 min  ,  English  ,  23.976 fps  ,https://img.yts.lt/assets/images/movies/hell_on_frisco_bay_1955/medium-screenshot1.jpg,https://img.yts.lt/assets/images/movies/hell_on_frisco_bay_1955/medium-screenshot2.jpg,https://img.yts.lt/assets/images/movies/hell_on_frisco_bay_1955/medium-screenshot3.jpg,https://yts.tl//movie/all-about-lily-chou-chou-2001#720p
All About Lily Chou-Chou,https://img.yts.lt/assets/images/movies/all_about_lily_chou_chou_2001/medium-cover.jpg,https://www.imdb.com/title/tt0297721/,https://yts.tl//torrent/download/A19C58E1CC73C8889E7B8F9FD4CFB82F28F40C15,Crime / Drama / Music / Romance / Thriller,  NR  , 782.12 MB  ,  1280*502  ,  1hr 39 min  ,  English  ,  23.976 fps  ,https://img.yts.lt/assets/images/movies/hell_on_frisco_bay_1955/medium-screenshot1.jpg,https://img.yts.lt/assets/images/movies/hell_on_frisco_bay_1955/medium-screenshot2.jpg,https://img.yts.lt/assets/images/movies/hell_on_frisco_bay_1955/medium-screenshot3.jpg,https://yts.tl//movie/all-about-lily-chou-chou-2001#1080p
John Mulaney  The Comeback Kid,https://img.yts.lt/assets/images/movies/john_mulaney_the_comeback_kid_2015/medium-cover.jpg,https://www.imdb.com/title/tt5069564/,https://yts.tl//torrent/download/2236BE1202BB81A44A336FA55B684AAE8DC23716,Comedy / Documentary,  NR  , 782.12 MB  ,  1280*502  ,  1hr 39 min  ,  English  ,  23.976 fps  ,https://img.yts.lt/assets/images/movies/hell_on_frisco_bay_1955/medium-screenshot1.jpg,https://img.yts.lt/assets/images/movies/hell_on_frisco_bay_1955/medium-screenshot2.jpg,https://img.yts.lt/assets/images/movies/hell_on_frisco_bay_1955/medium-screenshot3.jpg,https://yts.tl//movie/john-mulaney-the-comeback-kid-2015#720p
John Mulaney  The Comeback Kid,https://img.yts.lt/assets/images/movies/john_mulaney_the_comeback_kid_2015/medium-cover.jpg,https://www.imdb.com/title/tt5069564/,https://yts.tl//torrent/download/34BE4901F7066AF03A4C9AB2937C9A1B4E572653,Comedy / Documentary,  NR  , 782.12 MB  ,  1280*502  ,  1hr 39 min  ,  English  ,  23.976 fps  ,https://img.yts.lt/assets/images/movies/hell_on_frisco_bay_1955/medium-screenshot1.jpg,https://img.yts.lt/assets/images/movies/hell_on_frisco_bay_1955/medium-screenshot2.jpg,https://img.yts.lt/assets/images/movies/hell_on_frisco_bay_1955/medium-screenshot3.jpg,https://yts.tl//movie/john-mulaney-the-comeback-kid-2015#1080p
C'est la vie!,https://img.yts.lt/assets/images/movies/cest_la_vie_2017/medium-cover.jpg,https://www.imdb.com/title/tt5699154/,https://yts.tl//torrent/download/01A93EFB9763E4A231E8B45738E516BD66603CC4,Comedy / Drama / Romance,  NR  , 782.12 MB  ,  1280*502  ,  1hr 39 min  ,  English  ,  23.976 fps  ,https://img.yts.lt/assets/images/movies/hell_on_frisco_bay_1955/medium-screenshot1.jpg,https://img.yts.lt/assets/images/movies/hell_on_frisco_bay_1955/medium-screenshot2.jpg,https://img.yts.lt/assets/images/movies/hell_on_frisco_bay_1955/medium-screenshot3.jpg,https://yts.tl//movie/cest-la-vie-2017#720p
C'est la vie!,https://img.yts.lt/assets/images/movies/cest_la_vie_2017/medium-cover.jpg,https://www.imdb.com/title/tt5699154/,https://yts.tl//torrent/download/491366C9B3E53128D3DC8080F787363054029A34,Comedy / Drama / Romance,  NR  , 782.12 MB  ,  1280*502  ,  1hr 39 min  ,  English  ,  23.976 fps  ,https://img.yts.lt/assets/images/movies/hell_on_frisco_bay_1955/medium-screenshot1.jpg,https://img.yts.lt/assets/images/movies/hell_on_frisco_bay_1955/medium-screenshot2.jpg,https://img.yts.lt/assets/images/movies/hell_on_frisco_bay_1955/medium-screenshot3.jpg,https://yts.tl//movie/cest-la-vie-2017#1080p
Clownwise,https://img.yts.lt/assets/images/movies/clownwise_2013/medium-cover.jpg,https://www.imdb.com/title/tt2332573/,https://yts.tl//torrent/download/2F2EBD8DDEC8388C8EBA9C538D7C713A32A7BA2A,Comedy / Drama,  NR  , 782.12 MB  ,  1280*502  ,  1hr 39 min  ,  English  ,  23.976 fps  ,https://img.yts.lt/assets/images/movies/hell_on_frisco_bay_1955/medium-screenshot1.jpg,https://img.yts.lt/assets/images/movies/hell_on_frisco_bay_1955/medium-screenshot2.jpg,https://img.yts.lt/assets/images/movies/hell_on_frisco_bay_1955/medium-screenshot3.jpg,https://yts.tl//movie/clownwise-2013#720p
Clownwise,https://img.yts.lt/assets/images/movies/clownwise_2013/medium-cover.jpg,https://www.imdb.com/title/tt2332573/,https://yts.tl//torrent/download/9AA25E6BF497F145B2B4B59E1B81AD93840D4B34,Comedy / Drama,  NR  , 782.12 MB  ,  1280*502  ,  1hr 39 min  ,  English  ,  23.976 fps  ,https://img.yts.lt/assets/images/movies/hell_on_frisco_bay_1955/medium-screenshot1.jpg,https://img.yts.lt/assets/images/movies/hell_on_frisco_bay_1955/medium-screenshot2.jpg,https://img.yts.lt/assets/images/movies/hell_on_frisco_bay_1955/medium-screenshot3.jpg,https://yts.tl//movie/clownwise-2013#1080p
Mari,https://img.yts.lt/assets/images/movies/mari_2018/medium-cover.jpg,https://www.imdb.com/title/tt8917964/,https://yts.tl//torrent/download/03DE5CC929702E4A5986E0E7636B02B5327DC052,Drama / Music,  NR  , 782.12 MB  ,  1280*502  ,  1hr 39 min  ,  English  ,  23.976 fps  ,https://img.yts.lt/assets/images/movies/hell_on_frisco_bay_1955/medium-screenshot1.jpg,https://img.yts.lt/assets/images/movies/hell_on_frisco_bay_1955/medium-screenshot2.jpg,https://img.yts.lt/assets/images/movies/hell_on_frisco_bay_1955/medium-screenshot3.jpg,https://yts.tl//movie/mari-2018#720p
Mari,https://img.yts.lt/assets/images/movies/mari_2018/medium-cover.jpg,https://www.imdb.com/title/tt8917964/,https://yts.tl//torrent/download/566BA03DE166E0FC154E4FD3F05865FB43CA4A05,Drama / Music,  NR  , 782.12 MB  ,  1280*502  ,  1hr 39 min  ,  English  ,  23.976 fps  ,https://img.yts.lt/assets/images/movies/hell_on_frisco_bay_1955/medium-screenshot1.jpg,https://img.yts.lt/assets/images/movies/hell_on_frisco_bay_1955/medium-screenshot2.jpg,https://img.yts.lt/assets/images/movies/hell_on_frisco_bay_1955/medium-screenshot3.jpg,https://yts.tl//movie/mari-2018#1080p
